Operation_Type,Material_Used,Processing_Time,Energy_Consumption,Machine_Availability,Job_Status,Optimization_Category
Grinding,3.17,76,11.42,96,Completed,Moderate Efficiency
Grinding,3.35,79,6.61,84,Delayed,Low Efficiency
Additive,2.29,56,11.11,92,Failed,Low Efficiency
Grinding,1.76,106,12.5,95,Completed,Moderate Efficiency
Lathe,1.9,46,8.13,88,Completed,High Efficiency
Additive,4.86,100,13.83,86,Completed,Moderate Efficiency
Milling,4.67,22,14.2,87,Completed,Moderate Efficiency
Grinding,1.57,79,13.86,91,Completed,Low Efficiency
Drilling,3.49,42,8.97,81,Completed,Moderate Efficiency
Drilling,2.1,27,3.66,97,Delayed,Low Efficiency
Lathe,3.02,65,9.98,90,Completed,Low Efficiency
Grinding,2.71,28,8.08,88,Delayed,Low Efficiency
Lathe,3.1,43,5.55,95,Completed,High Efficiency
Additive,2.33,112,2.01,95,Completed,Optimal Efficiency
Additive,3.92,104,3.67,98,Completed,High Efficiency
Additive,2.09,65,12.29,96,Completed,Low Efficiency
Lathe,4.3,115,9.44,80,Completed,Low Efficiency
Lathe,2.25,55,10.95,94,Completed,Low Efficiency
Milling,4.62,52,3.27,82,Completed,Low Efficiency
Lathe,1.39,42,14.19,91,Completed,Moderate Efficiency
Milling,3.95,107,13.73,83,Completed,Low Efficiency
Additive,3.3,64,4.14,93,Delayed,Low Efficiency
Drilling,4.86,98,13.49,89,Completed,Low Efficiency
Grinding,1.84,84,8.81,98,Delayed,Low Efficiency
Lathe,1.84,119,5.1,82,Failed,Low Efficiency
Additive,1.14,21,3.89,97,Completed,High Efficiency
Lathe,4.03,87,11.34,80,Failed,Low Efficiency
Milling,3.21,93,4.16,98,Completed,Low Efficiency
Milling,3.47,116,5.39,91,Completed,Low Efficiency
Grinding,4.62,66,10.36,89,Completed,Moderate Efficiency
Grinding,1.7,37,3.21,96,Completed,High Efficiency
Drilling,3.02,78,4.93,80,Completed,High Efficiency
Lathe,3.7,103,8.02,80,Delayed,Low Efficiency
Grinding,1.47,110,12.52,86,Delayed,Low Efficiency
Drilling,2.05,47,12.12,82,Completed,Moderate Efficiency
Additive,1.76,99,4.72,96,Completed,Low Efficiency
Milling,4.6,79,13.17,88,Completed,Moderate Efficiency
Grinding,4.77,43,4.98,94,Completed,High Efficiency
Drilling,4.06,48,10.65,86,Failed,Low Efficiency
Lathe,2.29,50,9.94,97,Completed,Low Efficiency
Milling,1.15,88,11.64,82,Completed,Moderate Efficiency
Additive,1.55,48,13.57,95,Completed,Low Efficiency
Additive,4.84,75,4.53,87,Completed,High Efficiency
Lathe,1.82,109,5.67,93,Completed,Low Efficiency
Milling,3.52,78,3.03,91,Completed,High Efficiency
Milling,4.52,30,7.15,85,Delayed,Low Efficiency
Drilling,1.9,25,10.09,85,Completed,Moderate Efficiency
Lathe,3.67,75,4.12,99,Completed,Low Efficiency
Lathe,4.43,33,7.55,80,Completed,Moderate Efficiency
Lathe,1.42,104,3.09,87,Delayed,Low Efficiency
Lathe,4.25,24,7.26,90,Failed,Low Efficiency
Grinding,3.91,23,9.2,82,Completed,Low Efficiency
Lathe,1.85,97,4.77,98,Completed,Low Efficiency
Drilling,2.79,64,6.66,82,Delayed,Low Efficiency
Drilling,4.61,116,13.1,99,Completed,Low Efficiency
Drilling,4.2,104,11.91,80,Completed,Low Efficiency
Additive,1.04,31,6.53,86,Completed,Low Efficiency
Grinding,1.03,83,8.42,81,Completed,High Efficiency
Additive,3.62,62,6.06,88,Delayed,Low Efficiency
Milling,3.29,66,8.69,80,Completed,Moderate Efficiency
Lathe,3.03,110,6.98,82,Failed,Low Efficiency
Lathe,2.47,98,9.93,82,Delayed,Low Efficiency
Lathe,3.2,47,8.4,86,Failed,Low Efficiency
Lathe,4.81,71,7.42,83,Completed,High Efficiency
Grinding,2.71,23,6.8,90,Failed,Low Efficiency
Drilling,3.47,52,2.09,97,Delayed,Low Efficiency
Lathe,3.28,23,3.79,84,Delayed,Low Efficiency
Lathe,3.48,116,9.64,82,Completed,Low Efficiency
Additive,2.61,29,9.58,80,Completed,Moderate Efficiency
Drilling,3.37,54,2.46,82,Failed,Low Efficiency
Milling,2.62,25,7.29,95,Completed,Low Efficiency
Grinding,3.52,68,6.05,99,Completed,High Efficiency
Drilling,4.17,112,11.57,89,Completed,Moderate Efficiency
Milling,3.72,65,12.97,86,Completed,Moderate Efficiency
Additive,3.55,85,7.52,84,Completed,High Efficiency
Milling,1.99,99,10.01,90,Failed,Low Efficiency
Milling,3.46,62,7.46,84,Completed,High Efficiency
Milling,2.08,107,2.2,89,Delayed,Low Efficiency
Milling,4.55,84,7.43,97,Delayed,Low Efficiency
Grinding,2.11,82,14.62,89,Completed,Low Efficiency
Additive,4.01,69,11.72,88,Completed,Low Efficiency
Drilling,1.73,24,13.39,98,Completed,Low Efficiency
Drilling,4.15,59,12.15,85,Completed,Moderate Efficiency
Drilling,1.19,77,11.36,95,Delayed,Low Efficiency
Lathe,3.38,44,3.35,87,Completed,High Efficiency
Drilling,2.77,77,14.07,93,Completed,Moderate Efficiency
Lathe,2.33,59,14.83,98,Delayed,Low Efficiency
Additive,1.36,60,9.56,94,Completed,Low Efficiency
Grinding,4.66,55,14.16,81,Completed,Low Efficiency
Lathe,2.38,27,12.34,99,Delayed,Low Efficiency
Grinding,4.86,60,14.6,83,Completed,Low Efficiency
Milling,4.85,90,8.14,96,Failed,Low Efficiency
Lathe,1.63,86,9.92,98,Delayed,Low Efficiency
Lathe,4.43,51,7.61,86,Delayed,Low Efficiency
Lathe,3.43,113,9.22,89,Completed,Low Efficiency
Milling,4.18,110,10.67,99,Delayed,Low Efficiency
Drilling,3.88,57,3.8,87,Delayed,Low Efficiency
Grinding,3.87,91,14.55,92,Completed,Moderate Efficiency
Additive,1.79,33,3.17,80,Failed,Low Efficiency
Grinding,2.71,27,12.24,96,Completed,Moderate Efficiency
Additive,4.8,37,4.73,92,Completed,Low Efficiency
Grinding,4.96,110,14.56,88,Completed,Low Efficiency
Lathe,2.54,105,9.97,96,Delayed,Low Efficiency
Milling,3.6,62,8.45,87,Completed,Low Efficiency
Grinding,1.85,43,13.65,86,Completed,Low Efficiency
Grinding,4.58,107,8.8,80,Completed,Low Efficiency
Grinding,3.86,103,13.37,92,Failed,Low Efficiency
Lathe,3.28,78,14.78,84,Completed,Moderate Efficiency
Lathe,3.19,102,5.14,84,Completed,Low Efficiency
Additive,3.17,107,9.31,89,Completed,Low Efficiency
Drilling,2.87,119,13.26,80,Completed,Low Efficiency
Lathe,3.71,74,7.12,95,Completed,Moderate Efficiency
Drilling,3.77,103,2.25,95,Completed,Low Efficiency
Lathe,1.26,116,4.36,98,Delayed,Low Efficiency
Lathe,1.32,114,9.49,86,Completed,High Efficiency
Milling,2.11,77,5.69,90,Completed,Low Efficiency
Grinding,1.57,67,5.41,81,Completed,Low Efficiency
Lathe,1.14,68,12.12,83,Failed,Low Efficiency
Drilling,1.09,58,6.55,89,Completed,High Efficiency
Lathe,1.22,33,5.5,91,Completed,High Efficiency
Additive,4.13,39,8.06,91,Completed,Low Efficiency
Grinding,3.22,102,7.75,96,Completed,Low Efficiency
Grinding,2.65,85,8.35,80,Completed,Low Efficiency
Grinding,4.75,40,4.42,80,Completed,High Efficiency
Additive,2.43,76,3.58,91,Completed,High Efficiency
Milling,3.12,70,5.07,98,Completed,Low Efficiency
Additive,4.22,27,6.94,87,Delayed,Low Efficiency
Grinding,3.24,40,10.06,91,Completed,Low Efficiency
Grinding,2.07,45,7.75,84,Completed,Moderate Efficiency
Milling,1.1,78,2.49,96,Completed,Optimal Efficiency
Drilling,3.55,78,4.87,97,Completed,Low Efficiency
Additive,4.64,70,10.68,82,Delayed,Low Efficiency
Drilling,4.42,85,6.51,92,Completed,High Efficiency
Lathe,2.8,71,13.03,89,Failed,Low Efficiency
Drilling,4.64,23,8.31,86,Completed,High Efficiency
Drilling,4.7,78,2.59,95,Completed,Low Efficiency
Lathe,2.86,91,11.79,89,Completed,Moderate Efficiency
Grinding,4.14,65,11.48,81,Delayed,Low Efficiency
Additive,4.04,45,4.48,92,Completed,High Efficiency
Drilling,2.58,100,8.54,85,Completed,Moderate Efficiency
Drilling,2.45,100,6,91,Completed,Low Efficiency
Lathe,2.69,110,3.75,93,Completed,Low Efficiency
Additive,4.02,33,4.28,87,Delayed,Low Efficiency
Milling,2.1,47,6.24,87,Completed,Low Efficiency
Lathe,4.02,22,7.26,97,Completed,Moderate Efficiency
Grinding,2.02,62,2.21,97,Failed,Low Efficiency
Lathe,3.73,29,11.1,88,Delayed,Low Efficiency
Lathe,3.74,39,9.65,87,Completed,High Efficiency
Lathe,4.46,100,11.84,95,Failed,Low Efficiency
Grinding,4.97,53,12.4,86,Delayed,Low Efficiency
Additive,4.41,20,13.63,85,Failed,Low Efficiency
Milling,1.82,106,9.32,96,Completed,Moderate Efficiency
Lathe,1.73,66,5.45,90,Completed,High Efficiency
Grinding,2.11,111,7.67,80,Completed,Low Efficiency
Drilling,3.57,40,9.87,82,Completed,Moderate Efficiency
Milling,4.14,69,14.55,94,Failed,Low Efficiency
Grinding,1.01,59,8.16,91,Completed,Moderate Efficiency
Drilling,3.55,113,7.69,80,Completed,High Efficiency
Milling,1.15,46,3.01,89,Completed,High Efficiency
Milling,4.25,118,9.57,87,Completed,Moderate Efficiency
Milling,3.8,54,10.3,89,Completed,Moderate Efficiency
Additive,2.25,58,11.7,92,Completed,Moderate Efficiency
Milling,4.4,43,10.4,80,Completed,Low Efficiency
Additive,4.35,56,4.22,97,Delayed,Low Efficiency
Milling,3.28,29,7.32,82,Completed,High Efficiency
Additive,3.71,61,11.52,94,Failed,Low Efficiency
Grinding,1.29,35,7.2,94,Completed,Moderate Efficiency
Grinding,4.51,37,12.54,99,Delayed,Low Efficiency
Lathe,1.36,23,7.11,92,Completed,High Efficiency
Milling,3.54,102,2.14,99,Completed,Low Efficiency
Drilling,2.58,72,13.69,83,Completed,Low Efficiency
Lathe,3.08,81,11.61,80,Failed,Low Efficiency
Additive,1.85,64,12.14,82,Completed,Moderate Efficiency
Additive,2.44,113,12.49,80,Delayed,Low Efficiency
Lathe,4.82,40,8.16,92,Failed,Low Efficiency
Milling,2.39,100,2.62,95,Completed,High Efficiency
Drilling,3.51,97,9.08,97,Completed,Moderate Efficiency
Drilling,4.43,82,10.58,82,Completed,Low Efficiency
Lathe,1.58,95,14.17,80,Delayed,Low Efficiency
Additive,3.46,69,3.76,84,Completed,Low Efficiency
Drilling,3.55,95,6.4,89,Completed,Low Efficiency
Milling,1.49,79,6.22,83,Failed,Low Efficiency
Drilling,4.11,106,12.25,80,Completed,Low Efficiency
Additive,3.52,89,9.7,99,Completed,Moderate Efficiency
Grinding,2,50,6.07,85,Completed,High Efficiency
Milling,1.25,70,12.13,82,Completed,Low Efficiency
Additive,1.27,110,10.29,80,Failed,Low Efficiency
Grinding,2.61,90,9.18,83,Completed,Low Efficiency
Drilling,3.38,50,11.6,86,Completed,Moderate Efficiency
Milling,1.94,50,10.25,97,Delayed,Low Efficiency
Milling,4.16,114,5.81,89,Completed,High Efficiency
Drilling,1.04,100,6.93,82,Completed,Low Efficiency
Drilling,4.82,80,14.08,80,Completed,Moderate Efficiency
Lathe,4.81,57,8.84,94,Completed,Moderate Efficiency
Drilling,2.53,88,7.32,87,Completed,Moderate Efficiency
Drilling,1.48,56,8.84,93,Completed,Low Efficiency
Drilling,1.01,21,9.75,88,Delayed,Low Efficiency
Milling,2.33,74,2.46,92,Completed,Optimal Efficiency
Lathe,4.52,90,7.61,94,Completed,High Efficiency
Lathe,2.04,84,7.96,94,Completed,Low Efficiency
Additive,2.14,52,9.24,95,Failed,Low Efficiency
Drilling,4.62,82,10.12,90,Failed,Low Efficiency
Additive,1.91,61,3.81,89,Delayed,Low Efficiency
Grinding,1.66,113,5.93,80,Completed,Low Efficiency
Milling,1.02,89,10.18,82,Failed,Low Efficiency
Grinding,2.5,89,3.08,92,Delayed,Low Efficiency
Milling,3.41,21,3.53,82,Completed,Low Efficiency
Grinding,3.27,20,5.06,85,Completed,High Efficiency
Grinding,2.34,106,11.95,83,Delayed,Low Efficiency
Drilling,1.1,76,10.49,80,Completed,Moderate Efficiency
Milling,1.66,25,8.39,80,Completed,Low Efficiency
Milling,1.45,96,4.27,98,Completed,High Efficiency
Grinding,1.04,53,4.49,84,Failed,Low Efficiency
Grinding,2.39,36,4.59,85,Completed,Low Efficiency
Milling,4.79,43,6.1,91,Completed,High Efficiency
Lathe,3.51,42,10.46,95,Completed,Moderate Efficiency
Grinding,3.35,109,4.75,95,Completed,Low Efficiency
Additive,2.58,71,10.74,84,Delayed,Low Efficiency
Additive,1.46,107,11.19,97,Completed,Low Efficiency
Milling,1.62,70,4.22,81,Completed,Low Efficiency
Drilling,1.66,95,10.49,81,Delayed,Low Efficiency
Lathe,1.27,119,3.14,89,Failed,Low Efficiency
Additive,2.39,58,10.74,92,Failed,Low Efficiency
Drilling,3.61,85,9.63,99,Delayed,Low Efficiency
Milling,4.52,22,13.02,80,Completed,Moderate Efficiency
Grinding,3.11,105,7.9,88,Completed,Low Efficiency
Drilling,3.25,109,6.97,81,Delayed,Low Efficiency
Lathe,4.66,77,8.47,82,Completed,Low Efficiency
Milling,4.49,59,13.77,83,Completed,Moderate Efficiency
Milling,2.36,65,11.13,88,Completed,Moderate Efficiency
Additive,3.44,36,14.64,81,Failed,Low Efficiency
Grinding,3.62,106,11.48,98,Completed,Low Efficiency
Milling,3.03,88,2.35,81,Completed,Low Efficiency
Grinding,4.31,111,9.95,98,Completed,Moderate Efficiency
Lathe,4.37,56,6.94,89,Completed,Low Efficiency
Lathe,4.49,26,7.84,97,Completed,High Efficiency
Grinding,3.53,83,6.17,83,Completed,High Efficiency
Additive,4.1,95,7.18,89,Completed,Low Efficiency
Lathe,4.42,89,2.79,93,Failed,Low Efficiency
Grinding,3.88,22,9.51,92,Failed,Low Efficiency
Milling,2.65,95,9.52,91,Completed,Moderate Efficiency
Lathe,4.51,102,10.33,97,Completed,Low Efficiency
Lathe,2.34,56,4.43,85,Completed,High Efficiency
Grinding,3.75,42,10.91,91,Delayed,Low Efficiency
Additive,2.86,25,2.84,82,Completed,High Efficiency
Milling,1.69,40,3.02,90,Completed,Low Efficiency
Milling,4.81,84,12.46,95,Completed,Low Efficiency
Drilling,4.07,51,5.84,91,Completed,Low Efficiency
Milling,1.48,67,3.71,94,Completed,High Efficiency
Milling,1.32,79,6.4,96,Completed,Low Efficiency
Milling,1.02,21,8.57,89,Completed,Low Efficiency
Milling,4.59,38,13.14,96,Completed,Low Efficiency
Milling,4.49,43,9.9,87,Completed,Moderate Efficiency
Milling,1.32,38,14.38,92,Delayed,Low Efficiency
Grinding,1.82,38,11.78,83,Completed,Low Efficiency
Grinding,1.73,60,4.89,82,Completed,High Efficiency
Additive,2.86,120,5.09,82,Completed,High Efficiency
Drilling,1.58,28,9.23,88,Completed,Low Efficiency
Lathe,2.91,24,7.41,95,Completed,Low Efficiency
Milling,4.35,47,4.55,95,Failed,Low Efficiency
Drilling,3.48,104,4.72,88,Delayed,Low Efficiency
Grinding,4.82,114,4.24,90,Failed,Low Efficiency
Lathe,3.65,38,14.87,80,Completed,Moderate Efficiency
Grinding,2.61,72,13.92,86,Delayed,Low Efficiency
Milling,2.77,97,6.15,82,Completed,Low Efficiency
Milling,2.68,96,12.26,96,Delayed,Low Efficiency
Drilling,4.42,101,8.25,80,Completed,Low Efficiency
Lathe,4.24,105,6.98,93,Completed,High Efficiency
Grinding,1.49,25,4,84,Delayed,Low Efficiency
Drilling,4.32,75,14.44,81,Completed,Moderate Efficiency
Grinding,1.78,21,7.47,83,Completed,Low Efficiency
Lathe,3.17,55,13.68,84,Completed,Low Efficiency
Milling,3.08,78,5.42,82,Delayed,Low Efficiency
Lathe,2.17,20,4.29,97,Completed,Low Efficiency
Additive,3.21,94,14.67,93,Completed,Moderate Efficiency
Milling,2.96,78,4.23,95,Failed,Low Efficiency
Lathe,2,76,12.37,88,Completed,Moderate Efficiency
Additive,2.08,58,14.2,91,Completed,Moderate Efficiency
Milling,2.15,64,2.45,81,Completed,High Efficiency
Drilling,2.62,66,9.66,89,Completed,Low Efficiency
Lathe,4.82,59,8.66,95,Completed,High Efficiency
Lathe,3.17,30,10.21,88,Completed,Moderate Efficiency
Additive,1.52,37,9.47,96,Completed,Low Efficiency
Grinding,3.32,71,13.8,80,Delayed,Low Efficiency
Additive,3.25,106,13.31,86,Completed,Moderate Efficiency
Additive,3.22,107,6.69,91,Completed,High Efficiency
Lathe,3.31,95,5.56,85,Completed,High Efficiency
Additive,2.97,36,6.56,82,Completed,High Efficiency
Grinding,1.49,97,5.47,81,Completed,Low Efficiency
Grinding,3.82,81,10.72,99,Completed,Moderate Efficiency
Milling,5,26,12.76,95,Completed,Moderate Efficiency
Additive,2.41,93,9.8,91,Completed,Moderate Efficiency
Drilling,1.8,103,13.09,82,Completed,Low Efficiency
Drilling,4.27,90,6.74,87,Completed,Low Efficiency
Additive,2.46,39,10.97,96,Completed,Moderate Efficiency
Additive,2.96,76,13.25,88,Failed,Low Efficiency
Grinding,2.14,79,2.05,80,Delayed,Low Efficiency
Additive,2.19,116,4.79,95,Completed,Low Efficiency
Drilling,1.42,23,3.92,88,Delayed,Low Efficiency
Additive,3.42,20,6.24,92,Completed,High Efficiency
Drilling,3.16,87,5.09,92,Completed,High Efficiency
Drilling,2.25,52,14.65,98,Delayed,Low Efficiency
Additive,1.5,38,6.46,96,Completed,Low Efficiency
Drilling,1.07,75,6.02,99,Completed,Low Efficiency
Additive,4.33,89,12.46,81,Completed,Moderate Efficiency
Lathe,2.92,77,9.46,99,Completed,Low Efficiency
Lathe,3.25,89,6.97,98,Delayed,Low Efficiency
Additive,1.25,50,3.41,80,Completed,High Efficiency
Additive,3.07,71,11.53,82,Delayed,Low Efficiency
Grinding,2.35,50,8.24,94,Completed,Low Efficiency
Milling,3.76,85,13.06,87,Failed,Low Efficiency
Drilling,2.86,95,6.84,97,Failed,Low Efficiency
Milling,2.52,59,4.65,94,Failed,Low Efficiency
Grinding,4.39,113,10.52,80,Completed,Moderate Efficiency
Grinding,4.4,51,4.67,91,Completed,High Efficiency
Milling,3.4,105,14.25,87,Completed,Moderate Efficiency
Additive,4.77,70,4.67,88,Completed,Low Efficiency
Drilling,3.6,87,10.22,95,Completed,Low Efficiency
Milling,3.45,23,10.48,80,Completed,Low Efficiency
Grinding,2.91,39,2.7,92,Completed,High Efficiency
Additive,4.49,70,10.34,93,Delayed,Low Efficiency
Lathe,3.62,80,10.42,88,Completed,Low Efficiency
Grinding,2.23,90,5.88,95,Completed,High Efficiency
Lathe,3.12,21,11.65,92,Delayed,Low Efficiency
Grinding,3.95,112,4.85,87,Failed,Low Efficiency
Additive,3.87,60,4.74,94,Completed,High Efficiency
Grinding,2.87,73,11.29,94,Completed,Moderate Efficiency
Milling,2.3,57,13.77,81,Completed,Moderate Efficiency
Additive,4.25,74,2.64,90,Delayed,Low Efficiency
Additive,4.14,54,8.66,86,Completed,Low Efficiency
Additive,4.45,27,5.78,97,Completed,Low Efficiency
Grinding,1.19,114,9.52,81,Completed,Low Efficiency
Lathe,1.15,61,11.45,85,Delayed,Low Efficiency
Milling,2.7,67,5.28,84,Failed,Low Efficiency
Additive,2.63,59,13.01,85,Completed,Moderate Efficiency
Grinding,4.69,25,10.4,87,Completed,Low Efficiency
Lathe,2.15,78,13.17,97,Delayed,Low Efficiency
Additive,2.04,71,13.97,93,Completed,Low Efficiency
Lathe,1.8,74,11.52,94,Completed,Moderate Efficiency
Drilling,2.2,58,6.8,92,Delayed,Low Efficiency
Grinding,1.18,96,13.66,91,Failed,Low Efficiency
Grinding,1.92,118,5,98,Failed,Low Efficiency
Grinding,4.88,100,10.38,90,Completed,Low Efficiency
Lathe,3.32,94,14.98,86,Completed,Moderate Efficiency
Lathe,3.07,37,6.03,85,Failed,Low Efficiency
Drilling,3.59,29,13.78,80,Completed,Low Efficiency
Lathe,4.02,73,14.45,96,Completed,Low Efficiency
Drilling,1.74,92,8.79,91,Completed,High Efficiency
Grinding,3.27,86,10.39,96,Completed,Low Efficiency
Additive,2.11,77,10.81,95,Completed,Low Efficiency
Additive,2.12,51,9.83,87,Completed,Moderate Efficiency
Lathe,2.46,93,14.04,82,Completed,Moderate Efficiency
Additive,2.46,36,5.98,84,Completed,High Efficiency
Grinding,1.3,61,13.62,84,Completed,Moderate Efficiency
Drilling,4.99,87,5.88,80,Completed,Low Efficiency
Lathe,2.22,101,10.12,85,Completed,Low Efficiency
Additive,2.75,116,11.31,99,Completed,Low Efficiency
Grinding,4.12,66,8.79,93,Failed,Low Efficiency
Grinding,2.73,90,7.96,91,Completed,Low Efficiency
Additive,1.81,29,8,97,Completed,Moderate Efficiency
Drilling,4.31,83,4.43,85,Completed,Low Efficiency
Drilling,1.25,50,12.64,83,Completed,Moderate Efficiency
Milling,4.13,118,3.21,85,Completed,Low Efficiency
Additive,2.57,115,6.41,81,Completed,High Efficiency
Additive,4.36,106,9.52,94,Completed,Low Efficiency
Drilling,1.15,47,12.4,92,Completed,Moderate Efficiency
Drilling,3.64,38,12.38,93,Completed,Moderate Efficiency
Grinding,3.79,63,8.96,85,Completed,Moderate Efficiency
Grinding,1.6,76,5.98,90,Completed,Low Efficiency
Milling,4.43,47,14.26,92,Failed,Low Efficiency
Lathe,2.29,32,4.38,88,Completed,Low Efficiency
Lathe,4.54,78,9.06,82,Delayed,Low Efficiency
Grinding,1.1,95,4.05,89,Completed,Low Efficiency
Milling,3.88,48,7.49,98,Completed,Low Efficiency
Additive,1.59,110,12.16,82,Failed,Low Efficiency
Drilling,3.87,52,13.19,88,Completed,Low Efficiency
Milling,2.39,61,6.11,94,Completed,High Efficiency
Grinding,1.78,63,4.78,97,Failed,Low Efficiency
Additive,4.05,47,5.13,81,Completed,Low Efficiency
Lathe,3.25,46,4.7,98,Completed,High Efficiency
Additive,1.33,89,7.85,86,Completed,High Efficiency
Lathe,3.53,72,14.49,99,Completed,Moderate Efficiency
Lathe,1.09,65,3.68,81,Delayed,Low Efficiency
Grinding,2.66,50,11.62,91,Completed,Low Efficiency
Milling,4.75,59,3.65,80,Completed,High Efficiency
Grinding,2.75,73,5.47,87,Completed,High Efficiency
Grinding,3.21,42,4.47,99,Completed,Low Efficiency
Milling,1.2,24,11.46,97,Completed,Low Efficiency
Additive,4.56,71,9.02,83,Completed,High Efficiency
Grinding,3.63,76,11.35,93,Delayed,Low Efficiency
Lathe,2.59,35,4.83,83,Completed,Low Efficiency
Milling,2.92,96,10.86,87,Completed,Low Efficiency
Grinding,2.96,69,2.09,95,Completed,Low Efficiency
Milling,2.5,74,10.7,96,Completed,Moderate Efficiency
Lathe,2.89,66,13,87,Completed,Low Efficiency
Milling,1.98,67,6.88,89,Completed,Low Efficiency
Lathe,4.28,23,8.52,81,Failed,Low Efficiency
Grinding,4.09,82,13.87,86,Completed,Low Efficiency
Additive,4.76,80,12.18,91,Completed,Low Efficiency
Grinding,4.34,24,2.23,95,Delayed,Low Efficiency
Grinding,4.27,49,8.1,96,Failed,Low Efficiency
Milling,2.94,113,10.78,94,Completed,Low Efficiency
Grinding,2.07,113,11.6,96,Completed,Moderate Efficiency
Milling,1.16,89,11.11,96,Delayed,Low Efficiency
Drilling,3.04,100,8.05,88,Completed,Moderate Efficiency
Drilling,1.32,87,3.5,83,Completed,High Efficiency
Drilling,4.92,120,11.91,90,Delayed,Low Efficiency
Drilling,1.42,54,7.62,88,Completed,High Efficiency
Grinding,2.94,31,12.64,84,Delayed,Low Efficiency
Milling,3.4,93,2.77,91,Completed,High Efficiency
Grinding,2.37,96,12.16,91,Delayed,Low Efficiency
Lathe,4.53,46,2.94,83,Delayed,Low Efficiency
Grinding,1.53,22,4.23,98,Completed,Low Efficiency
Grinding,3.26,31,2.08,90,Delayed,Low Efficiency
Lathe,1.15,33,7.35,92,Delayed,Low Efficiency
Additive,3.38,107,11.97,97,Completed,Low Efficiency
Drilling,4.98,50,6.94,91,Failed,Low Efficiency
Grinding,1.35,40,8.17,86,Completed,High Efficiency
Lathe,1.3,43,13.53,80,Completed,Moderate Efficiency
Additive,3.69,115,12.24,85,Completed,Low Efficiency
Milling,4.3,96,9.69,82,Completed,Low Efficiency
Additive,1.49,119,6.31,87,Completed,Low Efficiency
Grinding,3.04,105,12.92,89,Delayed,Low Efficiency
Milling,1.35,64,8.93,86,Failed,Low Efficiency
Drilling,4.96,110,10.48,91,Delayed,Low Efficiency
Milling,4.02,74,7.11,92,Delayed,Low Efficiency
Milling,3.79,64,10.25,98,Completed,Low Efficiency
Milling,3.22,37,11.13,88,Completed,Low Efficiency
Drilling,4.36,60,13.16,89,Completed,Low Efficiency
Lathe,3.39,44,12.69,85,Completed,Moderate Efficiency
Grinding,2.09,48,2.15,82,Completed,Low Efficiency
Lathe,3.14,105,12.39,96,Delayed,Low Efficiency
Milling,1.52,46,9.54,89,Completed,Low Efficiency
Grinding,3.21,87,14.22,80,Completed,Moderate Efficiency
Grinding,4.42,51,4.84,80,Completed,High Efficiency
Drilling,3.55,59,3.27,98,Delayed,Low Efficiency
Additive,4.6,57,11.57,88,Completed,Low Efficiency
Drilling,4.6,109,14.03,83,Delayed,Low Efficiency
Drilling,3.4,115,7.11,97,Delayed,Low Efficiency
Lathe,3.57,98,2.65,80,Completed,High Efficiency
Drilling,2.83,62,4.8,86,Failed,Low Efficiency
Drilling,2.77,97,3.62,87,Completed,Low Efficiency
Lathe,2.1,109,12.1,97,Completed,Moderate Efficiency
Grinding,4.32,56,14.6,83,Completed,Moderate Efficiency
Lathe,3.54,56,5.06,98,Completed,Low Efficiency
Lathe,2.2,62,10.68,97,Failed,Low Efficiency
Milling,3.02,73,3.13,87,Completed,Optimal Efficiency
Drilling,4.17,54,12.99,84,Completed,Moderate Efficiency
Grinding,4.65,118,3.42,89,Completed,High Efficiency
Milling,4.11,95,4.55,92,Delayed,Low Efficiency
Grinding,4.92,109,9.01,92,Delayed,Low Efficiency
Drilling,1.82,110,7.81,99,Completed,Moderate Efficiency
Additive,3.78,113,5.09,91,Completed,High Efficiency
Additive,4.44,55,6.99,91,Delayed,Low Efficiency
Grinding,3.88,107,2.35,92,Completed,High Efficiency
Drilling,4.58,75,7.59,83,Delayed,Low Efficiency
Additive,4.92,101,14.23,93,Delayed,Low Efficiency
Grinding,4.18,110,12.73,85,Completed,Low Efficiency
Grinding,4.68,93,10.61,83,Completed,Moderate Efficiency
Grinding,4.89,105,4.74,87,Completed,Low Efficiency
Drilling,4.06,50,9.95,97,Completed,Moderate Efficiency
Grinding,4.34,46,7.51,80,Delayed,Low Efficiency
Grinding,2.31,28,13.03,80,Completed,Low Efficiency
Lathe,1.46,92,2.84,98,Completed,Low Efficiency
Milling,4.19,28,2.46,89,Failed,Low Efficiency
Milling,4.8,21,11.49,83,Completed,Moderate Efficiency
Grinding,1.76,37,10.63,97,Completed,Low Efficiency
Milling,1.8,42,9.42,82,Completed,Low Efficiency
Additive,4.17,119,9.17,92,Completed,High Efficiency
Drilling,1.8,56,11.98,87,Completed,Moderate Efficiency
Lathe,1.72,22,2.3,90,Completed,High Efficiency
Grinding,4.92,79,7.54,98,Completed,Low Efficiency
Lathe,3.84,80,12.21,81,Completed,Low Efficiency
Grinding,2.98,52,5.65,82,Delayed,Low Efficiency
Lathe,2.07,106,8.41,95,Completed,Moderate Efficiency
Lathe,2.88,83,4.14,86,Completed,High Efficiency
Drilling,1.23,35,14.52,98,Completed,Low Efficiency
Milling,3.89,34,7.69,90,Delayed,Low Efficiency
Milling,4.82,66,3.68,97,Completed,High Efficiency
Grinding,2.3,54,5.21,81,Completed,Low Efficiency
Grinding,1.84,38,8.81,80,Delayed,Low Efficiency
Additive,2.88,73,5.99,91,Completed,High Efficiency
Milling,4,33,3.04,83,Completed,Low Efficiency
Additive,1.43,111,6.81,90,Completed,Low Efficiency
Lathe,3.38,34,9,95,Completed,Low Efficiency
Grinding,2.91,53,8.12,84,Completed,Low Efficiency
Lathe,3.23,100,9.22,93,Delayed,Low Efficiency
Milling,2.1,95,5.58,92,Completed,High Efficiency
Lathe,1.82,37,4.17,93,Completed,High Efficiency
Grinding,1.69,81,5.42,95,Completed,High Efficiency
Milling,3.67,36,13.87,91,Completed,Moderate Efficiency
Additive,3.69,65,5.53,91,Completed,High Efficiency
Additive,4.47,100,9.82,81,Completed,Moderate Efficiency
Milling,1.21,71,6.85,91,Delayed,Low Efficiency
Drilling,2.42,44,6.16,92,Completed,High Efficiency
Milling,3.58,38,8.37,81,Failed,Low Efficiency
Drilling,4.94,23,10.07,92,Completed,Moderate Efficiency
Drilling,2.27,97,8.17,85,Completed,Moderate Efficiency
Grinding,4.3,69,8.55,88,Completed,Moderate Efficiency
Additive,1.39,48,9.05,86,Failed,Low Efficiency
Lathe,1.3,48,6.1,91,Completed,High Efficiency
Milling,3.91,91,10.83,92,Delayed,Low Efficiency
Additive,1.76,90,14.29,83,Completed,Low Efficiency
Lathe,2.22,81,13.88,89,Delayed,Low Efficiency
Milling,1.28,74,13.58,90,Completed,Low Efficiency
Milling,3.94,117,8.99,82,Completed,Low Efficiency
Drilling,1.45,22,14.51,80,Delayed,Low Efficiency
Grinding,2.59,77,6.72,81,Delayed,Low Efficiency
Milling,3.39,103,9.13,86,Completed,High Efficiency
Drilling,4.26,61,14.14,89,Failed,Low Efficiency
Grinding,1.93,74,9.07,84,Completed,Low Efficiency
Additive,4.9,98,4.27,90,Completed,Low Efficiency
Lathe,2.55,72,14.65,95,Failed,Low Efficiency
Grinding,1.84,116,9.83,87,Failed,Low Efficiency
Lathe,1.54,40,4.16,88,Delayed,Low Efficiency
Drilling,4.83,50,4.77,90,Failed,Low Efficiency
Lathe,4.64,66,14.84,84,Completed,Low Efficiency
Lathe,2.64,61,4.09,87,Completed,Low Efficiency
Drilling,3.6,96,14.32,89,Completed,Moderate Efficiency
Additive,3.26,34,6.56,94,Failed,Low Efficiency
Milling,4.81,62,14.46,80,Completed,Low Efficiency
Lathe,2.81,24,11.99,82,Delayed,Low Efficiency
Additive,1.32,52,6.94,90,Completed,High Efficiency
Additive,3.18,62,10.68,96,Completed,Moderate Efficiency
Milling,2.66,92,10.02,88,Completed,Moderate Efficiency
Grinding,3.61,76,9.64,96,Completed,Low Efficiency
Milling,1.08,67,3.15,91,Completed,Low Efficiency
Grinding,3.58,28,7.02,88,Failed,Low Efficiency
Drilling,4.91,102,9.47,88,Failed,Low Efficiency
Milling,1.4,87,9.93,87,Delayed,Low Efficiency
Grinding,1.21,90,8.86,95,Completed,Low Efficiency
Additive,4.5,106,4.73,84,Completed,High Efficiency
Drilling,1.54,112,6.86,93,Completed,High Efficiency
Lathe,3.14,61,3.66,88,Completed,High Efficiency
Drilling,4.9,45,6.96,90,Completed,Low Efficiency
Grinding,2.32,100,6.97,81,Completed,Low Efficiency
Lathe,3.05,48,13.96,90,Completed,Low Efficiency
Lathe,1.12,75,2.16,86,Completed,High Efficiency
Drilling,2.94,116,10.59,96,Completed,Moderate Efficiency
Lathe,3.88,60,3.62,95,Completed,High Efficiency
Additive,1.81,53,4.45,85,Completed,High Efficiency
Drilling,3.57,47,13.17,89,Completed,Moderate Efficiency
Lathe,2.12,87,3.37,89,Completed,High Efficiency
Lathe,1.3,89,5.76,89,Completed,High Efficiency
Lathe,4.19,50,6.67,89,Completed,Low Efficiency
Lathe,2.77,95,7.55,81,Completed,Moderate Efficiency
Lathe,2.75,100,6.39,91,Completed,High Efficiency
Additive,2.81,21,5.14,91,Completed,High Efficiency
Additive,1.61,61,14.7,88,Completed,Low Efficiency
Lathe,2.98,31,6.28,92,Completed,High Efficiency
Drilling,3.36,85,5.05,92,Completed,Low Efficiency
Additive,4.76,68,11.58,86,Completed,Moderate Efficiency
Lathe,3.11,63,12.39,83,Completed,Moderate Efficiency
Milling,1.42,93,6.97,96,Completed,High Efficiency
Additive,1.61,37,12.3,95,Delayed,Low Efficiency
Additive,3.93,36,5.37,98,Failed,Low Efficiency
Drilling,3.61,44,4.66,98,Completed,High Efficiency
Drilling,4.07,56,8.89,87,Completed,Moderate Efficiency
Lathe,1.78,114,9.67,88,Completed,Moderate Efficiency
Grinding,2.66,79,12.1,82,Delayed,Low Efficiency
Milling,1.65,44,8.3,88,Completed,Moderate Efficiency
Lathe,3.38,108,10.49,91,Completed,Moderate Efficiency
Milling,1.36,80,7.48,81,Completed,Moderate Efficiency
Grinding,2.72,112,12.39,85,Completed,Low Efficiency
Milling,3.16,110,13.71,95,Completed,Moderate Efficiency
Grinding,2.91,108,6.09,84,Completed,High Efficiency
Milling,3.42,88,7.35,97,Completed,High Efficiency
Grinding,2.7,74,2.47,95,Delayed,Low Efficiency
Grinding,3.08,52,10.42,96,Completed,Low Efficiency
Grinding,3.17,67,13.2,91,Completed,Low Efficiency
Drilling,4.71,85,8.37,97,Failed,Low Efficiency
Additive,1.44,90,11.44,94,Completed,Moderate Efficiency
Lathe,1.02,70,6.78,86,Failed,Low Efficiency
Milling,2.31,23,5.63,98,Completed,Low Efficiency
Additive,1.99,120,2.21,93,Delayed,Low Efficiency
Lathe,2.29,65,3.67,87,Completed,High Efficiency
Drilling,3.71,99,5.13,90,Delayed,Low Efficiency
Lathe,2.88,84,4.29,90,Completed,Low Efficiency
Drilling,3.36,94,13.75,86,Completed,Moderate Efficiency
Milling,3.96,28,9.13,86,Completed,Low Efficiency
Additive,3.37,67,11.24,98,Completed,Moderate Efficiency
Grinding,2.67,95,6.41,85,Delayed,Low Efficiency
Milling,4.15,56,13.47,80,Completed,Low Efficiency
Additive,2.4,32,4.86,93,Failed,Low Efficiency
Lathe,4.47,41,5.15,93,Failed,Low Efficiency
Additive,4.59,88,10.05,82,Completed,Moderate Efficiency
Additive,4.67,80,6.9,94,Delayed,Low Efficiency
Grinding,3.57,96,13,98,Failed,Low Efficiency
Additive,4.06,54,11.89,88,Completed,Low Efficiency
Lathe,1.72,110,3.47,82,Completed,Low Efficiency
Additive,1.8,70,13.68,85,Failed,Low Efficiency
Milling,2.89,69,6.62,80,Failed,Low Efficiency
Grinding,3.12,87,6.22,89,Completed,Low Efficiency
Drilling,2.22,84,12.13,86,Completed,Low Efficiency
Lathe,4.3,26,9.83,83,Completed,Low Efficiency
Additive,4.69,21,3.03,91,Completed,High Efficiency
Milling,3.02,64,11,88,Completed,Moderate Efficiency
Additive,4.33,102,2.43,93,Completed,Optimal Efficiency
Lathe,4.49,85,7.05,81,Delayed,Low Efficiency
Milling,4.72,63,10.66,86,Completed,Low Efficiency
Milling,3.89,60,12.62,92,Completed,Low Efficiency
Lathe,4.02,79,7.93,80,Delayed,Low Efficiency
Lathe,3.24,90,7.32,83,Completed,High Efficiency
Grinding,4.66,104,4.99,83,Delayed,Low Efficiency
Additive,1.43,25,9.27,91,Completed,Moderate Efficiency
Grinding,3.62,103,11.35,94,Completed,Moderate Efficiency
Milling,4.97,79,13.93,94,Failed,Low Efficiency
Lathe,3.36,118,7.23,95,Failed,Low Efficiency
Lathe,3.04,85,3.08,82,Failed,Low Efficiency
Lathe,2.91,116,2.46,87,Failed,Low Efficiency
Lathe,2.38,70,7.41,80,Failed,Low Efficiency
Lathe,1.55,102,14,80,Failed,Low Efficiency
Additive,4.02,66,6.01,84,Completed,High Efficiency
Lathe,4.24,77,5.71,81,Completed,High Efficiency
Milling,3.24,53,12.27,81,Delayed,Low Efficiency
Additive,1.45,45,6.11,93,Failed,Low Efficiency
Drilling,2.09,66,11.05,91,Completed,Low Efficiency
Lathe,3.83,94,13.39,84,Completed,Moderate Efficiency
Grinding,1.04,114,11.61,98,Delayed,Low Efficiency
Additive,3.85,112,13.5,85,Completed,Moderate Efficiency
Drilling,4.68,58,8.91,87,Completed,Low Efficiency
Grinding,1.93,107,2.24,80,Delayed,Low Efficiency
Grinding,2.43,109,9.16,81,Completed,High Efficiency
Additive,1.92,29,14.55,91,Completed,Moderate Efficiency
Drilling,3.36,70,11.67,94,Delayed,Low Efficiency
Drilling,3.13,52,2.68,82,Completed,Low Efficiency
Grinding,3.22,72,3.4,85,Completed,Low Efficiency
Drilling,1.5,119,6.85,84,Completed,Low Efficiency
Milling,1.3,112,2.94,93,Delayed,Low Efficiency
Additive,4.02,39,6.18,93,Delayed,Low Efficiency
Lathe,4.54,105,2.63,97,Completed,Low Efficiency
Grinding,2.1,51,13.64,85,Completed,Low Efficiency
Milling,4.42,98,14.08,97,Delayed,Low Efficiency
Drilling,3.26,87,9.49,80,Completed,Low Efficiency
Milling,1.54,103,7.9,80,Failed,Low Efficiency
Milling,1.45,73,4.36,80,Delayed,Low Efficiency
Grinding,2.13,85,13.13,89,Failed,Low Efficiency
Drilling,3.8,93,4.06,88,Completed,Low Efficiency
Grinding,1.37,102,2.21,82,Delayed,Low Efficiency
Lathe,1.78,36,6.59,86,Completed,High Efficiency
Grinding,2.8,113,3.17,85,Delayed,Low Efficiency
Lathe,4.66,43,11.89,90,Delayed,Low Efficiency
Grinding,4.74,61,5.82,91,Delayed,Low Efficiency
Drilling,4.04,87,14.09,89,Completed,Moderate Efficiency
Milling,2.32,50,8.42,89,Delayed,Low Efficiency
Additive,3.69,118,4.63,84,Failed,Low Efficiency
Grinding,2.44,97,14.54,98,Completed,Low Efficiency
Additive,1.71,56,11,90,Completed,Moderate Efficiency
Additive,1.69,57,2.81,96,Delayed,Low Efficiency
Drilling,1.34,100,9.56,85,Completed,Moderate Efficiency
Drilling,3.41,37,6.08,84,Delayed,Low Efficiency
Additive,2.29,25,3.47,85,Completed,High Efficiency
Drilling,1.59,21,12.56,81,Delayed,Low Efficiency
Drilling,2.03,59,3.42,93,Delayed,Low Efficiency
Milling,4.76,46,4.61,89,Completed,Low Efficiency
Grinding,3.68,23,8.99,87,Completed,High Efficiency
Grinding,3.91,101,10.7,95,Completed,Moderate Efficiency
Drilling,4.08,60,2.94,90,Delayed,Low Efficiency
Milling,1.18,61,14.09,87,Delayed,Low Efficiency
Milling,4.59,120,3.14,93,Delayed,Low Efficiency
Lathe,3.82,79,13.23,96,Completed,Low Efficiency
Milling,1.73,30,4.05,93,Delayed,Low Efficiency
Lathe,1.83,112,9.51,80,Delayed,Low Efficiency
Additive,4.86,97,2.25,86,Completed,Optimal Efficiency
Lathe,1.12,45,7.92,97,Completed,High Efficiency
Additive,2.92,71,2.99,97,Completed,Low Efficiency
Milling,2.63,71,6.57,97,Completed,High Efficiency
Additive,3.36,29,11.77,94,Completed,Low Efficiency
Additive,3.22,39,5.85,94,Completed,Low Efficiency
Grinding,4.21,84,10.61,91,Completed,Moderate Efficiency
Drilling,3,116,8.84,91,Completed,High Efficiency
Grinding,1.72,30,7.5,81,Delayed,Low Efficiency
Grinding,2.43,102,9.49,84,Delayed,Low Efficiency
Additive,4.68,99,6.84,82,Completed,High Efficiency
Grinding,3.67,25,4.14,96,Failed,Low Efficiency
Milling,1.37,108,12.39,83,Delayed,Low Efficiency
Additive,4.61,111,10.3,89,Delayed,Low Efficiency
Additive,4.05,58,14.55,97,Delayed,Low Efficiency
Drilling,1.65,76,10.69,88,Completed,Low Efficiency
Additive,3.12,24,11.09,86,Completed,Moderate Efficiency
Grinding,4.08,67,11.06,81,Completed,Low Efficiency
Milling,1.73,46,4.04,85,Completed,Low Efficiency
Grinding,2.22,46,6.99,90,Completed,Low Efficiency
Grinding,1.46,28,13.43,96,Completed,Low Efficiency
Additive,4.39,81,10.4,91,Completed,Moderate Efficiency
Milling,4.76,37,5.02,98,Completed,High Efficiency
Drilling,1.84,78,11.24,82,Failed,Low Efficiency
Milling,4.75,62,7.47,89,Completed,Low Efficiency
Lathe,1.17,25,5.92,85,Completed,High Efficiency
Lathe,3.73,40,10.82,94,Delayed,Low Efficiency
Milling,3.48,87,4.38,97,Completed,Low Efficiency
Drilling,4.66,83,4.07,89,Completed,High Efficiency
Lathe,4.51,59,3.23,85,Completed,Low Efficiency
Drilling,2.77,23,9.15,94,Completed,Moderate Efficiency
Milling,3.71,80,8.73,96,Delayed,Low Efficiency
Lathe,1.81,114,8.34,89,Delayed,Low Efficiency
Grinding,2.08,74,7.6,90,Delayed,Low Efficiency
Milling,2.46,56,13.15,82,Delayed,Low Efficiency
Lathe,3.94,60,8.62,96,Failed,Low Efficiency
Drilling,3.16,105,8.39,90,Completed,Low Efficiency
Additive,2.37,114,6.02,96,Failed,Low Efficiency
Lathe,3.85,45,14.9,94,Delayed,Low Efficiency
Additive,1.08,41,7.52,99,Completed,Moderate Efficiency
Lathe,4.1,39,9.13,87,Delayed,Low Efficiency
Lathe,3.45,85,5.62,93,Failed,Low Efficiency
Drilling,1.2,85,8.14,86,Completed,Low Efficiency
Milling,4.77,41,6.24,95,Delayed,Low Efficiency
Lathe,4.73,94,6.32,91,Delayed,Low Efficiency
Lathe,4.37,81,13.22,85,Failed,Low Efficiency
Grinding,1.76,77,12.33,92,Completed,Low Efficiency
Grinding,2.54,38,11.54,84,Completed,Low Efficiency
Drilling,1.35,80,12.83,99,Completed,Moderate Efficiency
Milling,2.52,80,13.55,81,Failed,Low Efficiency
Milling,1.5,42,5.4,91,Delayed,Low Efficiency
Lathe,4.22,51,4.22,80,Completed,High Efficiency
Additive,3.67,27,3.19,85,Completed,High Efficiency
Drilling,3.22,96,4.28,80,Failed,Low Efficiency
Additive,1.79,101,5.32,80,Completed,High Efficiency
Milling,3.19,92,4.96,85,Completed,High Efficiency
Additive,1.24,91,2.78,86,Completed,Low Efficiency
Lathe,3.07,66,7.93,94,Delayed,Low Efficiency
Drilling,2.43,40,14.48,80,Completed,Moderate Efficiency
Lathe,2.2,119,4.56,81,Failed,Low Efficiency
Additive,2.69,32,9.08,97,Completed,Moderate Efficiency
Lathe,4.78,117,12.68,87,Completed,Low Efficiency
Grinding,1.51,117,5.72,90,Failed,Low Efficiency
Grinding,2.08,30,12.34,84,Delayed,Low Efficiency
Additive,4.48,67,6.24,94,Delayed,Low Efficiency
Lathe,4.22,49,4.45,96,Delayed,Low Efficiency
Additive,4.63,119,2.06,97,Completed,Low Efficiency
Additive,2.94,115,13.99,97,Completed,Low Efficiency
Drilling,2.07,31,2.33,82,Completed,Low Efficiency
Lathe,4.02,82,6.14,81,Completed,Low Efficiency
Lathe,4.08,71,8.52,82,Delayed,Low Efficiency
Milling,4.41,54,6.6,84,Completed,Low Efficiency
Grinding,2.13,27,6.99,94,Completed,Low Efficiency
Lathe,2.04,20,10.93,87,Completed,Low Efficiency
Additive,2.97,74,14.94,85,Failed,Low Efficiency
Additive,2.11,98,11.77,97,Completed,Low Efficiency
Additive,4.6,58,11.98,94,Completed,Moderate Efficiency
Drilling,3.46,38,12.99,93,Failed,Low Efficiency
Additive,1.17,75,12.89,84,Completed,Moderate Efficiency
Drilling,2.52,53,6.9,87,Failed,Low Efficiency
Lathe,3.2,98,7.96,86,Completed,High Efficiency
Drilling,2.97,35,5.72,88,Delayed,Low Efficiency
Milling,1.14,30,7.66,96,Completed,High Efficiency
Lathe,2.57,36,13.05,80,Completed,Moderate Efficiency
Milling,2.43,94,6.97,87,Delayed,Low Efficiency
Grinding,1.56,69,12.09,90,Delayed,Low Efficiency
Drilling,1.7,74,7.82,93,Completed,High Efficiency
Drilling,3.87,90,2.72,87,Completed,Low Efficiency
Lathe,4.64,110,12.13,98,Delayed,Low Efficiency
Grinding,1.51,50,3.29,87,Failed,Low Efficiency
Milling,3.57,117,8.53,98,Completed,Low Efficiency
Grinding,2.89,120,10.96,97,Delayed,Low Efficiency
Grinding,4.24,29,11.47,83,Completed,Low Efficiency
Grinding,1.74,67,7.84,82,Completed,Low Efficiency
Drilling,1.9,32,2.32,92,Completed,High Efficiency
Drilling,1.12,113,12.41,84,Delayed,Low Efficiency
Drilling,1.66,26,6.33,85,Completed,High Efficiency
Milling,1.83,87,6.72,90,Completed,High Efficiency
Lathe,4.14,76,11.27,99,Completed,Moderate Efficiency
Additive,2.65,84,11.37,82,Failed,Low Efficiency
Grinding,4.25,97,3.23,82,Completed,High Efficiency
Lathe,3.92,21,12.69,81,Failed,Low Efficiency
Grinding,2.55,98,8.86,81,Delayed,Low Efficiency
Grinding,1.83,112,3.11,95,Completed,Low Efficiency
Milling,2.13,87,5.3,95,Completed,Low Efficiency
Drilling,2.3,59,4.32,95,Completed,High Efficiency
Grinding,4.21,105,9.96,93,Delayed,Low Efficiency
Additive,3.69,103,2.21,95,Completed,Low Efficiency
Milling,3.81,71,12.02,94,Delayed,Low Efficiency
Grinding,1.9,120,6.96,87,Failed,Low Efficiency
Additive,2.43,69,13.76,80,Completed,Low Efficiency
Lathe,4.73,34,3,92,Completed,High Efficiency
Milling,1.86,118,7.64,91,Completed,High Efficiency
Additive,1.25,44,12.18,92,Delayed,Low Efficiency
Additive,4.9,75,13.52,82,Completed,Moderate Efficiency
Grinding,3.67,64,3.28,90,Completed,High Efficiency
Grinding,2.3,31,14.58,88,Delayed,Low Efficiency
Milling,2.8,103,8.66,92,Completed,Low Efficiency
Drilling,1.99,42,7.26,81,Completed,Low Efficiency
Drilling,2.84,73,12.23,93,Completed,Moderate Efficiency
Additive,4.55,118,7.16,96,Completed,Low Efficiency
Lathe,4.92,97,5.17,92,Completed,Low Efficiency
Drilling,3.39,110,7.71,92,Completed,Low Efficiency
Grinding,4.07,92,11.17,89,Completed,Moderate Efficiency
Drilling,2.78,85,5.25,95,Failed,Low Efficiency
Grinding,4.76,25,13.34,97,Failed,Low Efficiency
Milling,4.43,28,8.66,98,Completed,Low Efficiency
Additive,3.15,106,3.13,92,Completed,Low Efficiency
Additive,4.97,70,4.08,93,Completed,High Efficiency
Milling,1.41,99,8.8,90,Completed,Low Efficiency
Milling,3.28,93,6.66,80,Delayed,Low Efficiency
Drilling,4.17,109,3.07,88,Delayed,Low Efficiency
Grinding,3.76,119,11.52,97,Failed,Low Efficiency
Lathe,4.21,99,2.67,94,Delayed,Low Efficiency
Milling,3.76,44,10.31,89,Completed,Moderate Efficiency
Milling,4.73,104,7.42,95,Delayed,Low Efficiency
Milling,1.56,116,10.24,98,Delayed,Low Efficiency
Drilling,1.73,55,9.06,83,Completed,Low Efficiency
Drilling,2.43,114,8.67,83,Completed,High Efficiency
Additive,3.26,104,9.3,94,Failed,Low Efficiency
Milling,3.31,34,3.84,92,Completed,Low Efficiency
Drilling,3.95,54,8.32,97,Completed,Moderate Efficiency
Grinding,4.33,110,2.38,91,Completed,Low Efficiency
Milling,4.11,99,7.53,85,Completed,Low Efficiency
Drilling,4.73,114,10.93,84,Completed,Low Efficiency
Additive,1.57,93,5.43,89,Completed,Low Efficiency
Drilling,2.93,84,3.53,86,Completed,Low Efficiency
Drilling,1.25,29,7.98,92,Completed,Moderate Efficiency
Drilling,2.37,24,10.78,88,Completed,Moderate Efficiency
Grinding,1.86,119,3.48,95,Completed,High Efficiency
Additive,3.83,104,14.05,91,Completed,Low Efficiency
Drilling,2.35,103,4.94,85,Failed,Low Efficiency
Milling,3.58,34,14.45,96,Completed,Moderate Efficiency
Drilling,1.46,66,3.12,95,Completed,Low Efficiency
Grinding,4.39,61,11.59,84,Completed,Low Efficiency
Milling,2.54,72,7.28,81,Completed,Moderate Efficiency
Lathe,3.44,109,13.79,85,Delayed,Low Efficiency
Drilling,4.17,24,8.58,92,Completed,Moderate Efficiency
Drilling,4.96,90,12.86,97,Completed,Low Efficiency
Lathe,2.11,94,8.95,87,Completed,Low Efficiency
Grinding,4.09,93,2.9,87,Completed,Low Efficiency
Milling,4.86,33,14,91,Failed,Low Efficiency
Lathe,3.36,67,3.19,93,Completed,Low Efficiency
Milling,1.11,99,12.67,91,Completed,Moderate Efficiency
Lathe,3.51,58,10.11,83,Completed,Moderate Efficiency
Drilling,2.94,90,9.06,95,Failed,Low Efficiency
Milling,2.73,24,3.36,82,Completed,Low Efficiency
Grinding,4.88,80,12.55,80,Delayed,Low Efficiency
Grinding,3.68,100,12.13,89,Completed,Low Efficiency
Additive,4.31,89,6.12,96,Completed,High Efficiency
Milling,3.59,71,12.87,80,Completed,Moderate Efficiency
Grinding,1.84,60,13.14,84,Completed,Moderate Efficiency
Drilling,1.45,108,12.05,95,Delayed,Low Efficiency
Milling,4.38,52,3.56,84,Failed,Low Efficiency
Grinding,1.93,102,4.48,80,Completed,Low Efficiency
Milling,2.77,74,12.74,98,Completed,Low Efficiency
Grinding,4.41,118,14,98,Completed,Low Efficiency
Milling,2.38,91,4.38,94,Delayed,Low Efficiency
Milling,2.63,88,13.86,83,Delayed,Low Efficiency
Grinding,3.36,61,8.88,87,Completed,High Efficiency
Drilling,1.91,58,8.75,96,Completed,Low Efficiency
Lathe,2.1,40,14.19,97,Completed,Moderate Efficiency
Additive,3.05,91,8.59,91,Completed,Low Efficiency
Milling,1.87,73,6.05,92,Failed,Low Efficiency
Grinding,1.07,86,6.85,95,Completed,Low Efficiency
Grinding,2.81,53,8.73,83,Completed,Low Efficiency
Milling,2.27,111,6.5,90,Failed,Low Efficiency
Additive,1.63,30,13.94,82,Failed,Low Efficiency
Grinding,2.4,68,14.78,85,Delayed,Low Efficiency
Additive,4.64,86,11.14,89,Completed,Low Efficiency
Milling,3.38,68,12.99,83,Completed,Moderate Efficiency
Lathe,3.63,90,13.56,81,Completed,Moderate Efficiency
Milling,1.71,62,7.53,96,Failed,Low Efficiency
Additive,2.18,62,13.79,87,Completed,Moderate Efficiency
Additive,3.5,114,5.38,84,Completed,Low Efficiency
Milling,3.95,28,10.09,86,Delayed,Low Efficiency
Lathe,4.42,102,8.07,95,Completed,High Efficiency
Drilling,2.17,68,12.7,98,Failed,Low Efficiency
Lathe,3.2,56,2.5,84,Delayed,Low Efficiency
Milling,2.91,77,9.83,90,Completed,Moderate Efficiency
Grinding,4.28,79,10.56,99,Completed,Moderate Efficiency
Drilling,1.95,77,7.76,99,Completed,High Efficiency
Grinding,4.32,33,2.47,88,Completed,Low Efficiency
Drilling,4.14,81,3.42,88,Delayed,Low Efficiency
Milling,2.3,33,7.36,80,Delayed,Low Efficiency
Lathe,4.81,39,13.37,88,Completed,Moderate Efficiency
Milling,2.68,79,12.19,88,Completed,Moderate Efficiency
Lathe,1.47,72,13.33,87,Completed,Low Efficiency
Lathe,3.74,91,5.32,96,Completed,High Efficiency
Lathe,1.97,109,8.73,91,Completed,Low Efficiency
Milling,3.84,74,9.06,83,Completed,Low Efficiency
Additive,2.28,85,13.44,93,Completed,Low Efficiency
Milling,3.39,55,2.6,81,Delayed,Low Efficiency
Milling,2.41,23,6.93,99,Delayed,Low Efficiency
Milling,3.92,116,3.49,88,Completed,High Efficiency
Additive,2.13,52,13.14,81,Failed,Low Efficiency
Grinding,4.08,64,2.12,98,Failed,Low Efficiency
Grinding,3.08,105,10.44,98,Completed,Moderate Efficiency
Lathe,3.27,60,7.5,90,Completed,Low Efficiency
Milling,2.12,43,3.75,84,Completed,High Efficiency
Grinding,3.58,32,13.96,82,Completed,Low Efficiency
Drilling,4.98,45,8.68,95,Completed,Moderate Efficiency
Drilling,3.75,25,9.4,90,Completed,Low Efficiency
Lathe,1.69,105,11.47,87,Completed,Moderate Efficiency
Additive,4.87,82,4.26,94,Delayed,Low Efficiency
Milling,3.51,78,2.95,87,Failed,Low Efficiency
Drilling,2.53,30,13.66,92,Completed,Low Efficiency
Milling,3.14,104,3.16,92,Completed,Low Efficiency
Drilling,4.65,43,14.03,91,Completed,Moderate Efficiency
Lathe,3.22,115,12.2,90,Completed,Moderate Efficiency
Milling,1.58,68,12.26,94,Completed,Low Efficiency
Additive,1.32,82,6.89,93,Completed,High Efficiency
Grinding,1.24,109,2.05,97,Completed,High Efficiency
Grinding,2.04,60,9.29,99,Completed,Low Efficiency
Additive,4.77,20,9.81,86,Delayed,Low Efficiency
Lathe,1.47,75,14.44,80,Completed,Moderate Efficiency
Lathe,2.77,59,6.61,93,Completed,High Efficiency
Drilling,1.4,94,12.06,89,Delayed,Low Efficiency
Lathe,2.44,103,13.56,95,Completed,Moderate Efficiency
Grinding,4.04,95,14.48,97,Completed,Low Efficiency
Drilling,1.12,65,12.46,85,Failed,Low Efficiency
Lathe,2.79,48,7.14,91,Completed,High Efficiency
Additive,4.27,60,3.92,94,Delayed,Low Efficiency
Drilling,1.98,90,14.41,98,Delayed,Low Efficiency
Milling,3.41,106,14.25,85,Completed,Moderate Efficiency
Additive,4.29,116,13.6,87,Completed,Moderate Efficiency
Additive,4.83,38,12.13,85,Completed,Low Efficiency
Grinding,2.55,112,4.12,87,Completed,Low Efficiency
Milling,3.6,72,13.88,91,Failed,Low Efficiency
Additive,2.37,31,12.76,91,Completed,Low Efficiency
Lathe,1.17,72,9.64,92,Completed,Low Efficiency
Additive,4.4,83,12.24,98,Delayed,Low Efficiency
Drilling,4.75,31,8.94,98,Completed,Moderate Efficiency
Grinding,2.11,40,6.24,92,Completed,Low Efficiency
Grinding,2,116,12.06,84,Failed,Low Efficiency
Grinding,1.71,48,11.56,83,Completed,Moderate Efficiency
Additive,4.26,43,9.59,81,Completed,Moderate Efficiency
Grinding,2.73,90,7.46,85,Completed,High Efficiency
Drilling,1.62,46,4.17,97,Completed,High Efficiency
Milling,4.85,91,14.43,80,Completed,Low Efficiency
Drilling,4.24,84,3.01,99,Delayed,Low Efficiency
Additive,3.4,30,5.58,86,Completed,Low Efficiency
Grinding,3.91,115,4.62,95,Completed,Low Efficiency
Drilling,1.4,60,6.27,90,Completed,High Efficiency
Additive,4.46,100,7.59,88,Completed,Low Efficiency
Lathe,1.19,95,7.99,81,Failed,Low Efficiency
Lathe,3.12,101,9.44,85,Completed,Low Efficiency
Lathe,1.12,55,5.05,91,Completed,Low Efficiency
Lathe,3.5,41,8.53,94,Failed,Low Efficiency
Lathe,4.01,49,4.23,96,Completed,Low Efficiency
Drilling,1.12,88,11.95,98,Completed,Low Efficiency
Drilling,3.28,81,5.14,99,Completed,High Efficiency
Drilling,2.67,22,13.15,83,Completed,Moderate Efficiency
Drilling,4.28,103,14.71,88,Completed,Low Efficiency
Drilling,1.97,47,9.72,99,Completed,Moderate Efficiency
Drilling,3.28,50,7.97,96,Delayed,Low Efficiency
Milling,2.31,87,5.9,95,Completed,High Efficiency
Lathe,2.88,105,14.3,83,Completed,Moderate Efficiency
Additive,4.73,20,4.97,90,Completed,High Efficiency
Grinding,2.17,71,12.6,97,Failed,Low Efficiency
Additive,4.31,43,6.5,90,Delayed,Low Efficiency
Lathe,3.1,33,2.46,97,Delayed,Low Efficiency
Lathe,1.94,45,2.43,90,Completed,Low Efficiency
Drilling,2.99,88,8.42,82,Completed,Low Efficiency
Milling,1.29,100,7.13,82,Completed,High Efficiency
Drilling,3.01,57,14.36,93,Completed,Moderate Efficiency
Drilling,4.7,92,4,89,Completed,High Efficiency
Drilling,2.42,81,4.52,80,Completed,High Efficiency
Lathe,1.69,24,10.01,83,Completed,Moderate Efficiency
Lathe,2.85,103,7.28,97,Completed,High Efficiency
Grinding,4.54,39,3.74,91,Completed,Low Efficiency
Drilling,1.02,55,14.79,94,Failed,Low Efficiency
Lathe,2.71,51,7.12,90,Completed,High Efficiency
Drilling,3.98,90,8.91,86,Delayed,Low Efficiency
Grinding,3.02,44,2.83,98,Completed,Low Efficiency
Additive,4.28,84,14.44,88,Completed,Moderate Efficiency
Additive,2.17,88,3.03,80,Completed,Low Efficiency
Milling,4.15,93,2.24,97,Completed,High Efficiency
Grinding,4.64,67,10.74,96,Completed,Moderate Efficiency
Additive,3.83,101,11.33,80,Completed,Low Efficiency
Additive,4.86,66,8.07,93,Completed,Moderate Efficiency
Drilling,2.38,43,12.77,97,Completed,Moderate Efficiency
Lathe,1.49,114,10.41,84,Completed,Low Efficiency
Additive,4.38,64,8.79,98,Completed,Low Efficiency
Milling,3.55,32,13.1,89,Completed,Moderate Efficiency
Drilling,4.5,32,8.68,91,Delayed,Low Efficiency
Grinding,2.78,75,4.4,82,Completed,Low Efficiency
Drilling,1.88,119,4.69,83,Completed,Low Efficiency
Drilling,4.67,59,10.72,80,Completed,Moderate Efficiency
Milling,4.43,61,11.68,89,Completed,Low Efficiency
Additive,2.81,41,14.04,92,Delayed,Low Efficiency
Lathe,1.35,93,10.22,94,Completed,Low Efficiency
Additive,4.23,101,9.23,87,Failed,Low Efficiency
Milling,1.73,78,7,93,Failed,Low Efficiency
Milling,3.57,98,10.05,99,Delayed,Low Efficiency
Additive,1.15,100,9.77,98,Delayed,Low Efficiency
Additive,4.16,71,12.3,84,Failed,Low Efficiency
Drilling,1.89,80,14.98,91,Completed,Low Efficiency
Additive,1.29,27,13.25,96,Completed,Low Efficiency
Lathe,2.85,46,14.1,91,Delayed,Low Efficiency
Grinding,2.02,74,9.05,84,Delayed,Low Efficiency
Additive,3.71,103,5.66,92,Delayed,Low Efficiency
Additive,3.47,60,3.53,93,Completed,High Efficiency
Lathe,1.9,120,10.87,97,Completed,Low Efficiency
Milling,3.38,104,8.83,82,Completed,Low Efficiency
Milling,3.77,89,5.67,98,Completed,Low Efficiency
Milling,1.62,87,12.82,86,Completed,Low Efficiency
Milling,3.05,36,6.33,99,Completed,Low Efficiency
Grinding,4.27,83,6.7,96,Completed,High Efficiency
Lathe,3.68,105,9.95,95,Delayed,Low Efficiency
Milling,3.35,94,9.39,89,Completed,Low Efficiency
Drilling,4.37,118,14.12,88,Failed,Low Efficiency
Milling,4.86,50,3.71,97,Failed,Low Efficiency
Lathe,2.72,60,3.17,96,Failed,Low Efficiency
Lathe,1.31,102,14.1,83,Completed,Moderate Efficiency
Lathe,2.4,75,9.08,83,Completed,Moderate Efficiency
Additive,1.32,111,3.88,91,Completed,Low Efficiency
